,Locality,Place_Name,District,Latitude,Longitude,Accuracy,Admin_Name_1,Admin_Name_2,Admin_Name_3
0,PUERTO MALDONADO,"""Puerto Maldonado""",TAMBOPATA,-12.5933,-69.1891,4,"""Madre De Dios""","""Tambopata""","""Tambopata"""
1,MONTE SALVADO,"""Monte Salvado""",TAMBOPATA,-11.9413,-70.1108,4,"""Madre De Dios""","""Tambopata""","""Tambopata"""
2,BOCA PARIAMANU,"""Boca Pariamanu""",TAMBOPATA,-12.4277,-69.2676,4,"""Madre De Dios""","""Tambopata""","""Tambopata"""
3,OTILIA,"""Otilia""",TAMBOPATA,-12.5295,-69.2133,4,"""Madre De Dios""","""Tambopata""","""Tambopata"""
4,EL PRADO,"""El Prado""",TAMBOPATA,-12.5426,-69.1943,4,"""Madre De Dios""","""Tambopata""","""Tambopata"""
5,ALTA CACHUELA,"""Alta Cachuela""",TAMBOPATA,-12.4884,-69.1824,4,"""Madre De Dios""","""Tambopata""","""Tambopata"""
6,CENTRO CACHUELA,"""Centro Cachuela""",TAMBOPATA,-12.5371,-69.1696,4,"""Madre De Dios""","""Tambopata""","""Tambopata"""
7,ROMPEOLAS,"""Rompeolas""",TAMBOPATA,-12.5748,-69.2001,3,"""Madre De Dios""","""Tambopata""","""Tambopata"""
8,LA PASTORA,"""La Pastora""",TAMBOPATA,-12.5774,-69.1907,4,"""Madre De Dios""","""Tambopata""","""Tambopata"""
9,LA PASTORA,"""Pastora Grande""",TAMBOPATA,-12.6036,-69.543,3,"""Madre De Dios""","""Tambopata""","""Laberinto"""
10,ALTA PASTORA,"""Alta Pastora""",TAMBOPATA,-12.5751,-69.2302,4,"""Madre De Dios""","""Tambopata""","""Tambopata"""
11,EL PILAR,"""El Pilar""",TAMBOPATA,-12.5692,-69.2707,4,"""Madre De Dios""","""Tambopata""","""Tambopata"""
12,PUERTO UNION,"""Puerto Union""",TAMBOPATA,-12.5674,-69.3196,4,"""Madre De Dios""","""Tambopata""","""Tambopata"""
13,PLAYA ALTA,"""Playa Alta""",TAMBOPATA,-12.5132,-69.3586,4,"""Madre De Dios""","""Tambopata""","""Tambopata"""
14,ALTO CHORRILLOS,"""Alto Chorrillos""",TAMBOPATA,-12.5869,-69.291,4,"""Madre De Dios""","""Tambopata""","""Tambopata"""
15,TRES ISLAS,"""Tres Islas""",TAMBOPATA,-12.5477,-69.3714,4,"""Madre De Dios""","""Tambopata""","""Tambopata"""
16,TUPAC AMARU,"""Tupac Amaru""",TAMBOPATA,-12.594,-69.3269,4,"""Madre De Dios""","""Tambopata""","""Tambopata"""
17,CHORRILLOS,"""Chorrillos""",TAMBOPATA,-12.606,-69.2852,4,"""Madre De Dios""","""Tambopata""","""Tambopata"""
18,CHORRILLOS,"""Alto Chorrillos""",TAMBOPATA,-12.5869,-69.291,4,"""Madre De Dios""","""Tambopata""","""Tambopata"""
19,CENTRO PASTORA,"""Centro Pastora""",TAMBOPATA,-12.6057,-69.2505,4,"""Madre De Dios""","""Tambopata""","""Tambopata"""
20,EL CASTAÑAL,"""El Casta\u00f1al""",TAMBOPATA,-12.6342,-69.2607,4,"""Madre De Dios""","""Tambopata""","""Tambopata"""
21,FITZCARRALD,"""Fitzcarrald""",TAMBOPATA,-12.6692,-69.3487,4,"""Madre De Dios""","""Tambopata""","""Tambopata"""
22,TENIENTE ACEVEDO,"""Teniente Acevedo""",TAMBOPATA,-12.6411,-69.3605,4,"""Madre De Dios""","""Tambopata""","""Tambopata"""
23,AGUAS NEGRAS,"""Aguas Negras""",TAMBOPATA,-12.6656,-69.4251,4,"""Madre De Dios""","""Tambopata""","""Tambopata"""
24,AGUAS NEGRAS,"""Aguas Negras""",TAMBOPATA,-12.2586,-69.2008,4,"""Madre De Dios""","""Tambopata""","""Las Piedras"""
25,SAN BERNARDO,"""San Bernardo""",TAMBOPATA,-12.6874,-69.3991,4,"""Madre De Dios""","""Tambopata""","""Tambopata"""
26,MONTE SINAI (SINAI DE CHENTA),"""Monte Sinai (Sinai de Chenta)""",TAMBOPATA,-12.716,-69.3123,3,"""Madre De Dios""","""Tambopata""","""Tambopata"""
27,TRES ESTRELLAS,"""Tres Estrellas""",TAMBOPATA,-12.6722,-69.3152,4,"""Madre De Dios""","""Tambopata""","""Tambopata"""
28,CHONTA,"""Chonta""",TAMBOPATA,-12.6688,-69.2281,4,"""Madre De Dios""","""Tambopata""","""Tambopata"""
29,INFIERNO,"""Infierno""",TAMBOPATA,-12.7299,-69.2284,4,"""Madre De Dios""","""Tambopata""","""Tambopata"""
30,LA TORRE,"""La Torre""",TAMBOPATA,-12.8241,-69.3051,4,"""Madre De Dios""","""Tambopata""","""Tambopata"""
31,LA TORRE,"""Victor Raul Haya de la Torre""",TAMBOPATA,-12.7183,-69.4869,4,"""Madre De Dios""","""Tambopata""","""Laberinto"""
32,SACHAVACAYOC,"""Sachavacayoc""",TAMBOPATA,-12.8501,-69.3604,4,"""Madre De Dios""","""Tambopata""","""Tambopata"""
33,CONDENADO,"""Condenado""",TAMBOPATA,-12.8638,-69.4106,4,"""Madre De Dios""","""Tambopata""","""Tambopata"""
34,BALTIMORI,"""Baltimori""",TAMBOPATA,-12.8314,-69.4464,4,"""Madre De Dios""","""Tambopata""","""Tambopata"""
35,SAN JACINTO,"""San Jacinto""",TAMBOPATA,-12.5771,-69.3913,4,"""Madre De Dios""","""Tambopata""","""Tambopata"""
36,BAJO TAMBOPATA,"""Bajo Tambopata""",TAMBOPATA,-12.6516,-69.2202,4,"""Madre De Dios""","""Tambopata""","""Tambopata"""
37,BAJO TAMBOPATA,"""Bajo Madre de Dios Izquierda""",TAMBOPATA,-12.6183,-69.1441,3,"""Madre De Dios""","""Tambopata""","""Tambopata"""
38,BAJO TAMBOPATA,"""Bajo Alegria""",TAMBOPATA,-12.0324,-69.0488,4,"""Madre De Dios""","""Tambopata""","""Las Piedras"""
39,BAJO TAMBOPATA,"""Bajo Piedras""",TAMBOPATA,-12.465,-69.2573,4,"""Madre De Dios""","""Tambopata""","""Las Piedras"""
40,BAJO TAMBOPATA,"""Bajo Madre de Dios""",TAMBOPATA,-12.599,-69.1338,4,"""Madre De Dios""","""Tambopata""","""Las Piedras"""
41,BAJO TAMBOPATA,"""Huacamayo Bajo""",TAMBOPATA,-12.7693,-69.8551,3,"""Madre De Dios""","""Tambopata""","""Inambari"""
42,IZUYAMA,"""Izuyama""",TAMBOPATA,-12.6306,-69.1861,4,"""Madre De Dios""","""Tambopata""","""Tambopata"""
43,LOERO,"""Loero""",TAMBOPATA,-12.6635,-69.1584,4,"""Madre De Dios""","""Tambopata""","""Tambopata"""
44,LOERO,"""Alto Loero""",TAMBOPATA,-12.6683,-69.2134,4,"""Madre De Dios""","""Tambopata""","""Tambopata"""
45,ALTO LOERO,"""Alto Loero""",TAMBOPATA,-12.6683,-69.2134,4,"""Madre De Dios""","""Tambopata""","""Tambopata"""
46,BAJO MADRE DE DIOS IZQUIERDA,"""Bajo Madre de Dios Izquierda""",TAMBOPATA,-12.6183,-69.1441,3,"""Madre De Dios""","""Tambopata""","""Tambopata"""
47,JORGE CHAVEZ,"""Jorge Chavez""",TAMBOPATA,-12.6685,-69.1192,4,"""Madre De Dios""","""Tambopata""","""Tambopata"""
48,LAGO SANDOVAL,"""Lago Sandoval""",TAMBOPATA,-12.6119,-69.0462,4,"""Madre De Dios""","""Tambopata""","""Tambopata"""
49,ISLA ROLIN,"""Isla Rolin""",TAMBOPATA,-12.5492,-69.048,4,"""Madre De Dios""","""Tambopata""","""Tambopata"""
50,SAN FRANCISCO,"""San Francisco""",TAMBOPATA,-12.5055,-68.8667,4,"""Madre De Dios""","""Tambopata""","""Tambopata"""
51,SAN FRANCISCO,"""San Francisco de Asis""",TAMBOPATA,-12.344,-69.1628,4,"""Madre De Dios""","""Tambopata""","""Las Piedras"""
52,PALMA REAL,"""Palma Real""",TAMBOPATA,-12.5109,-68.7772,4,"""Madre De Dios""","""Tambopata""","""Tambopata"""
53,PUERTO PARDO,"""Puerto Pardo""",TAMBOPATA,-12.5036,-68.6592,4,"""Madre De Dios""","""Tambopata""","""Tambopata"""
54,SONENE,"""Sonene""",TAMBOPATA,-12.5711,-68.7015,4,"""Madre De Dios""","""Tambopata""","""Tambopata"""
55,PUERTO NUEVO,"""Puerto Nuevo""",TAMBOPATA,-12.6334,-69.1623,4,"""Madre De Dios""","""Tambopata""","""Tambopata"""
56,SABALUYOC,"""Sabaluyoc""",TAMBOPATA,-12.2285,-69.369,3,"""Madre De Dios""","""Tambopata""","""Tambopata"""
57,NUEVO SOL NACIENTE,"""Nuevo Sol Naciente""",TAMBOPATA,-12.6334,-69.1623,4,"""Madre De Dios""","""Tambopata""","""Tambopata"""
58,PALMICHAL,"""Palmichal""",TAMBOPATA,-12.5225,-69.4159,4,"""Madre De Dios""","""Tambopata""","""Tambopata"""
59,TIPISCA,"""Tipisca""",TAMBOPATA,-12.18,-69.42,4,"""Madre De Dios""","""Tambopata""","""Tambopata"""
60,DIAMANTE,"""Diamante""",TAMBOPATA,-12.6256,-69.2116,4,"""Madre De Dios""","""Tambopata""","""Tambopata"""
61,PLAYA ALTA,"""Playa Alta""",TAMBOPATA,-12.5132,-69.3586,4,"""Madre De Dios""","""Tambopata""","""Tambopata"""
62,GAMITANA,"""Gamitana""",TAMBOPATA,-12.4267,-69.0946,4,"""Madre De Dios""","""Tambopata""","""Las Piedras"""
63,MAZUKO,"""Puerto Mazuko""",INAMBARI,-13.091,-70.3911,3,"""Madre De Dios""","""Tambopata""","""Inambari"""
64,MAZUKO,"""Mazuko""",INAMBARI,-13.1001,-70.3674,3,"""Madre De Dios""","""Tambopata""","""Inambari"""
65,SARAYACU,"""Sarayacu""",INAMBARI,-12.7959,-70.0375,3,"""Madre De Dios""","""Tambopata""","""Inambari"""
66,JAYAVE,"""Jayave""",INAMBARI,-12.7809,-69.9632,3,"""Madre De Dios""","""Tambopata""","""Inambari"""
67,JAYAVE,"""Cabecera Jayave""",INAMBARI,-12.9319,-70.2799,3,"""Madre De Dios""","""Tambopata""","""Inambari"""
68,ALTO LIBERTAD,"""Alto Libertad""",INAMBARI,-12.8989,-69.9454,3,"""Madre De Dios""","""Tambopata""","""Inambari"""
69,NUEVA AREQUIPA,"""Nueva Arequipa""",INAMBARI,-12.8921,-69.9985,3,"""Madre De Dios""","""Tambopata""","""Inambari"""
70,VIRGEN DE LA CANDELARIA,"""Virgen de la Candelaria""",INAMBARI,-12.896,-70.0555,3,"""Madre De Dios""","""Tambopata""","""Inambari"""
71,PRIMAVERA BAJA,"""Primavera Baja""",INAMBARI,-12.9088,-70.1101,4,"""Madre De Dios""","""Tambopata""","""Inambari"""
72,PRIMAVERA ALTA,"""Primavera Alta""",INAMBARI,-12.9129,-70.1497,3,"""Madre De Dios""","""Tambopata""","""Inambari"""
73,SANTA RITA BAJA,"""Santa Rita Baja""",INAMBARI,-12.914,-70.1928,4,"""Madre De Dios""","""Tambopata""","""Inambari"""
74,SANTA RITA ALTA,"""Santa Rita Alta""",INAMBARI,-12.9145,-70.2456,4,"""Madre De Dios""","""Tambopata""","""Inambari"""
75,SANTA ROSA,"""Santa Rosa""",INAMBARI,-12.9258,-70.303,3,"""Madre De Dios""","""Tambopata""","""Inambari"""
76,KOTSIMBA,"""Kotsimba""",INAMBARI,-13.0899,-70.2419,3,"""Madre De Dios""","""Tambopata""","""Inambari"""
77,VILLA SANTIAGO (ARAZAIRE),"""Villa Santiago (Arazaire)""",INAMBARI,-13.0072,-70.3449,3,"""Madre De Dios""","""Tambopata""","""Inambari"""
78,ALTO DOS DE MAYO,"""Alto Dos de Mayo""",INAMBARI,-13.079,-70.3261,4,"""Madre De Dios""","""Tambopata""","""Inambari"""
79,DOS DE MAYO,"""Dos de Mayo""",INAMBARI,-13.0686,-70.3544,3,"""Madre De Dios""","""Tambopata""","""Inambari"""
80,DOS DE MAYO,"""Alto Dos de Mayo""",INAMBARI,-13.079,-70.3261,3,"""Madre De Dios""","""Tambopata""","""Inambari"""
81,PUERTO MAZUKO,"""Puerto Mazuko""",INAMBARI,-13.091,-70.3911,3,"""Madre De Dios""","""Tambopata""","""Inambari"""
82,PALMERA,"""Palmera""",INAMBARI,-13.1157,-70.3817,4,"""Madre De Dios""","""Tambopata""","""Inambari"""
83,PONAL,"""Ponal""",INAMBARI,-12.7954,-70.2096,3,"""Madre De Dios""","""Tambopata""","""Inambari"""
84,PUERTO CARLOS,"""Puerto Carlos""",INAMBARI,-12.9086,-70.336,4,"""Madre De Dios""","""Tambopata""","""Inambari"""
85,NUEVA ESPERANZA,"""Nueva Esperanza""",INAMBARI,-12.9078,-70.3114,3,"""Madre De Dios""","""Tambopata""","""Inambari"""
86,PADRE HERMOGENES,"""Padre Hermogenes""",INAMBARI,-12.8773,-69.7175,3,"""Madre De Dios""","""Tambopata""","""Inambari"""
87,LA DISTANCIA,"""La Distancia""",INAMBARI,-12.8819,-69.766,3,"""Madre De Dios""","""Tambopata""","""Inambari"""
88,UNION PROGRESO,"""Union Progreso""",INAMBARI,-12.8758,-69.807,4,"""Madre De Dios""","""Tambopata""","""Inambari"""
89,SOL NACIENTE,"""Sol Naciente""",INAMBARI,-12.9141,-69.9241,3,"""Madre De Dios""","""Tambopata""","""Inambari"""
90,MALINOSQUI,"""Malinosqui""",INAMBARI,-13.014,-69.9938,3,"""Madre De Dios""","""Tambopata""","""Inambari"""
91,MALINOSQUI,"""Manuani Malinosqui""",INAMBARI,-12.9856,-70.1129,4,"""Madre De Dios""","""Tambopata""","""Inambari"""
92,AZUL,"""Azul""",INAMBARI,-13.0353,-69.9259,3,"""Madre De Dios""","""Tambopata""","""Inambari"""
93,QUEBRADA SECA,"""Quebrada Seca""",INAMBARI,-13.0987,-70.345,3,"""Madre De Dios""","""Tambopata""","""Inambari"""
94,TAZON,"""Tazon""",INAMBARI,-13.1169,-70.3837,3,"""Madre De Dios""","""Tambopata""","""Inambari"""
95,EL PROGRESO,"""El Progreso""",INAMBARI,-12.8696,-69.8465,3,"""Madre De Dios""","""Tambopata""","""Inambari"""
96,ARAZAIRE,"""Arazaire""",INAMBARI,-13.0013,-70.3424,3,"""Madre De Dios""","""Tambopata""","""Inambari"""
97,ARAZAIRE,"""Villa Santiago (Arazaire)""",INAMBARI,-13.0072,-70.3449,3,"""Madre De Dios""","""Tambopata""","""Inambari"""
98,ALTO HUACAMAYO,"""Alto Huacamayo""",INAMBARI,-12.8084,-69.9373,4,"""Madre De Dios""","""Tambopata""","""Inambari"""
99,LAS PIEDRAS (PLANCHON),"""Las Piedras (Planchon)""",LAS PIEDRAS,-12.28,-69.1524,4,"""Madre De Dios""","""Tambopata""","""Las Piedras"""
100,MIRAFLORES,"""Miraflores""",LAS PIEDRAS,-11.9071,-69.3345,4,"""Madre De Dios""","""Tambopata""","""Las Piedras"""
101,COLPAC,"""Colpac""",LAS PIEDRAS,-11.8961,-69.2487,4,"""Madre De Dios""","""Tambopata""","""Las Piedras"""
102,NUEVA VISTA,"""Nueva Vista""",LAS PIEDRAS,-11.9782,-69.2413,4,"""Madre De Dios""","""Tambopata""","""Las Piedras"""
103,MAVILA,"""Mavila""",LAS PIEDRAS,-11.9341,-69.119,4,"""Madre De Dios""","""Tambopata""","""Las Piedras"""
104,CAFETAL,"""Cafetal""",LAS PIEDRAS,-11.9716,-69.1349,3,"""Madre De Dios""","""Tambopata""","""Las Piedras"""
105,SAN JUAN DE APOCENTO,"""San Juan de Apocento""",LAS PIEDRAS,-11.9177,-68.9768,3,"""Madre De Dios""","""Tambopata""","""Las Piedras"""
106,NUEVO SAN JUAN,"""Nuevo San Juan""",LAS PIEDRAS,-11.9974,-69.0102,4,"""Madre De Dios""","""Tambopata""","""Las Piedras"""
107,SANTA JULIA,"""Santa Julia""",LAS PIEDRAS,-12.0364,-68.9442,4,"""Madre De Dios""","""Tambopata""","""Las Piedras"""
108,BAJO ALEGRIA,"""Bajo Alegria""",LAS PIEDRAS,-12.0324,-69.0488,4,"""Madre De Dios""","""Tambopata""","""Las Piedras"""
109,PIÑAL,"""Pi\u00f1al""",LAS PIEDRAS,-12.0117,-69.0651,3,"""Madre De Dios""","""Tambopata""","""Las Piedras"""
110,FRAY MARTIN DE PORRAS,"""Fray Martin de Porras""",LAS PIEDRAS,-12.0236,-69.135,4,"""Madre De Dios""","""Tambopata""","""Las Piedras"""
111,SANTA ROSA,"""Santa Rosa""",LAS PIEDRAS,-12.0126,-69.1345,3,"""Madre De Dios""","""Tambopata""","""Las Piedras"""
112,LORETO,"""Loreto""",LAS PIEDRAS,-12.0657,-69.4863,4,"""Madre De Dios""","""Tambopata""","""Las Piedras"""
113,LUCERNA,"""Lucerna""",LAS PIEDRAS,-12.0976,-69.4699,4,"""Madre De Dios""","""Tambopata""","""Las Piedras"""
114,SAN CARLOS,"""San Carlos""",LAS PIEDRAS,-12.0861,-69.2934,4,"""Madre De Dios""","""Tambopata""","""Las Piedras"""
115,VARSOVIA,"""Varsovia""",LAS PIEDRAS,-12.1288,-69.295,4,"""Madre De Dios""","""Tambopata""","""Las Piedras"""
116,ALEGRIA,"""Bajo Alegria""",LAS PIEDRAS,-12.0324,-69.0488,4,"""Madre De Dios""","""Tambopata""","""Las Piedras"""
117,ALEGRIA,"""Alegria""",LAS PIEDRAS,-12.1195,-69.1187,4,"""Madre De Dios""","""Tambopata""","""Las Piedras"""
118,VIRGEN DEL CARMEN,"""Virgen del Carmen""",LAS PIEDRAS,-12.1099,-69.0234,3,"""Madre De Dios""","""Tambopata""","""Las Piedras"""
119,TRIUNFO (EL TRIUNFO),"""Rimac o Parque el Triunfo""",LAS PIEDRAS,-12.5881,-69.1668,4,"""Madre De Dios""","""Tambopata""","""Las Piedras"""
120,MONTERREY,"""Monterrey""",LAS PIEDRAS,-12.2076,-69.1286,3,"""Madre De Dios""","""Tambopata""","""Las Piedras"""
121,1 DE MAYO,"""1 de Mayo""",LAS PIEDRAS,-12.2468,-69.1469,4,"""Madre De Dios""","""Tambopata""","""Las Piedras"""
122,COLPAYOC,"""Colpayoc""",LAS PIEDRAS,-12.3438,-69.2359,4,"""Madre De Dios""","""Tambopata""","""Las Piedras"""
123,CENTRO PIEDRAS,"""Centro de Piedras""",LAS PIEDRAS,-12.327,-69.1988,4,"""Madre De Dios""","""Tambopata""","""Las Piedras"""
124,CENTRO PIEDRAS,"""San Jose de Centro Piedras""",LAS PIEDRAS,-12.4178,-69.2531,4,"""Madre De Dios""","""Tambopata""","""Las Piedras"""
125,SAN FRANCISCO DE ASIS,"""San Francisco de Asis""",LAS PIEDRAS,-12.344,-69.1628,4,"""Madre De Dios""","""Tambopata""","""Las Piedras"""
126,SUDADERO,"""Sudadero""",LAS PIEDRAS,-12.3808,-69.1439,4,"""Madre De Dios""","""Tambopata""","""Las Piedras"""
127,NUEVA ALIANZA,"""Nueva Alianza""",LAS PIEDRAS,-12.4178,-69.1176,4,"""Madre De Dios""","""Tambopata""","""Las Piedras"""
128,GAMITANA,"""Gamitana""",LAS PIEDRAS,-12.4267,-69.0946,3,"""Madre De Dios""","""Tambopata""","""Las Piedras"""
129,LAGO VALENCIA,"""Lago Valencia""",LAS PIEDRAS,-12.4087,-68.7597,4,"""Madre De Dios""","""Tambopata""","""Las Piedras"""
130,SAN JOSE DE CENTRO PIEDRAS,"""San Jose de Centro Piedras""",LAS PIEDRAS,-12.4178,-69.2531,4,"""Madre De Dios""","""Tambopata""","""Las Piedras"""
131,LOBOYOC,"""Alto Loboyoc""",LAS PIEDRAS,-12.4577,-69.1714,4,"""Madre De Dios""","""Tambopata""","""Las Piedras"""
132,LOBOYOC,"""Loboyoc""",LAS PIEDRAS,-12.4577,-69.1714,4,"""Madre De Dios""","""Tambopata""","""Las Piedras"""
133,ALTO LOBOYOC,"""Alto Loboyoc""",LAS PIEDRAS,-12.4577,-69.1714,4,"""Madre De Dios""","""Tambopata""","""Las Piedras"""
134,BAJO PIEDRAS,"""Bajo Alegria""",LAS PIEDRAS,-12.0324,-69.0488,4,"""Madre De Dios""","""Tambopata""","""Las Piedras"""
135,BAJO PIEDRAS,"""Bajo Piedras""",LAS PIEDRAS,-12.465,-69.2573,4,"""Madre De Dios""","""Tambopata""","""Las Piedras"""
136,BAJO PIEDRAS,"""Bajo Madre de Dios""",LAS PIEDRAS,-12.599,-69.1338,4,"""Madre De Dios""","""Tambopata""","""Las Piedras"""
137,PUERTO ARTURO,"""Puerto Arturo""",LAS PIEDRAS,-12.4894,-69.2082,4,"""Madre De Dios""","""Tambopata""","""Las Piedras"""
138,CACHUELA OVIEDO,"""Cachuela Oviedo""",LAS PIEDRAS,-12.5044,-69.1597,3,"""Madre De Dios""","""Tambopata""","""Las Piedras"""
139,CACHUELA MARGEN IZQUIERDA,"""Cachuela Margen Izquierda""",LAS PIEDRAS,-12.5107,-69.1617,4,"""Madre De Dios""","""Tambopata""","""Las Piedras"""
140,SANTA TERESA,"""Santa Teresa""",LAS PIEDRAS,-12.2296,-69.0629,4,"""Madre De Dios""","""Tambopata""","""Las Piedras"""
141,BELLO HORIZONTE,"""Bello Horizonte""",LAS PIEDRAS,-12.4978,-69.1452,4,"""Madre De Dios""","""Tambopata""","""Las Piedras"""
142,MICAELA BASTIDAS,"""Micaela Bastidas""",LAS PIEDRAS,-12.0035,-69.5397,4,"""Madre De Dios""","""Tambopata""","""Las Piedras"""
143,MADAMA,"""Madama""",LAS PIEDRAS,-12.5333,-69.0816,4,"""Madre De Dios""","""Tambopata""","""Las Piedras"""
144,BAJO MADRE DE DIOS,"""Bajo Madre de Dios""",LAS PIEDRAS,-12.599,-69.1338,4,"""Madre De Dios""","""Tambopata""","""Las Piedras"""
145,BAJO MADRE DE DIOS,"""Bajo Alegria""",LAS PIEDRAS,-12.0324,-69.0488,4,"""Madre De Dios""","""Tambopata""","""Las Piedras"""
146,BAJO MADRE DE DIOS,"""Bajo Piedras""",LAS PIEDRAS,-12.465,-69.2573,4,"""Madre De Dios""","""Tambopata""","""Las Piedras"""
147,CARMEN ROSA,"""Carmen Rosa""",LAS PIEDRAS,-12.12,-69.193,4,"""Madre De Dios""","""Tambopata""","""Las Piedras"""
148,PAMPA HERMOSA,"""Pampa Hermosa""",LAS PIEDRAS,-12.1858,-69.1172,4,"""Madre De Dios""","""Tambopata""","""Las Piedras"""
149,LOS ANGELES,"""Los Angeles""",LAS PIEDRAS,-12.3637,-69.0958,4,"""Madre De Dios""","""Tambopata""","""Las Piedras"""
150,SAN ISIDRO,"""San Isidro""",LAS PIEDRAS,-12.5268,-69.1312,3,"""Madre De Dios""","""Tambopata""","""Las Piedras"""
151,BOTIJON,"""Botijon""",LAS PIEDRAS,-12.274,-69.0941,4,"""Madre De Dios""","""Tambopata""","""Las Piedras"""
152,FILADELFIA,"""Filadelfia""",LAS PIEDRAS,-12.0648,-69.3328,4,"""Madre De Dios""","""Tambopata""","""Las Piedras"""
153,AGUAS NEGRAS,"""Aguas Negras""",LAS PIEDRAS,-12.2586,-69.2008,4,"""Madre De Dios""","""Tambopata""","""Las Piedras"""
154,AGUAJALITO,"""Aguajalito""",LAS PIEDRAS,-12.5316,-69.0819,4,"""Madre De Dios""","""Tambopata""","""Las Piedras"""
155,LA FLORIDA,"""La Florida""",LAS PIEDRAS,-11.9428,-69.1247,4,"""Madre De Dios""","""Tambopata""","""Las Piedras"""
156,TORMENTA,"""Tormenta""",LAS PIEDRAS,-12.517,-69.1068,4,"""Madre De Dios""","""Tambopata""","""Las Piedras"""
157,RAMON GONZALES,"""Ramon Gonzales""",LAS PIEDRAS,-12.5964,-69.1402,3,"""Madre De Dios""","""Tambopata""","""Las Piedras"""
158,PUERTO ROSARIO DE LABERINTO,"""Puerto Rosario de Laberinto""",LABERINTO,-12.7171,-69.5868,3,"""Madre De Dios""","""Tambopata""","""Laberinto"""
159,CINCO ISLAS,"""Cinco Islas""",LABERINTO,-12.6523,-69.9639,3,"""Madre De Dios""","""Tambopata""","""Laberinto"""
160,LAGARTO (BASE NAVAL),"""Lagarto (Base Naval)""",LABERINTO,-12.6523,-69.8308,3,"""Madre De Dios""","""Tambopata""","""Laberinto"""
161,HORACIO CEVALLOS,"""Horacio Cevallos""",LABERINTO,-12.6786,-69.797,3,"""Madre De Dios""","""Tambopata""","""Laberinto"""
162,LAGO INAMBARILLO,"""Lago Inambarillo""",LABERINTO,-12.7225,-69.7874,3,"""Madre De Dios""","""Tambopata""","""Laberinto"""
163,HUACAMAYO CHICO,"""Huacamayo Chico""",LABERINTO,-12.7645,-69.8015,3,"""Madre De Dios""","""Tambopata""","""Laberinto"""
164,AMARACAIRE,"""Amaracaire""",LABERINTO,-12.7248,-69.7452,3,"""Madre De Dios""","""Tambopata""","""Laberinto"""
165,BOCA UNION,"""Boca Union""",LABERINTO,-12.7089,-69.6847,3,"""Madre De Dios""","""Tambopata""","""Laberinto"""
166,FORTUNA ALTO LABERINTO,"""Fortuna Alto Laberinto""",LABERINTO,-12.7012,-69.6365,3,"""Madre De Dios""","""Tambopata""","""Laberinto"""
167,PEDRO ANTONIO,"""Pedro Antonio""",LABERINTO,-12.6345,-69.549,3,"""Madre De Dios""","""Tambopata""","""Laberinto"""
168,PASTORA GRANDE,"""Pastora Grande""",LABERINTO,-12.6036,-69.543,4,"""Madre De Dios""","""Tambopata""","""Laberinto"""
169,LAS MERCEDES,"""Las Mercedes""",LABERINTO,-12.7053,-69.4466,4,"""Madre De Dios""","""Tambopata""","""Laberinto"""
170,VICTOR RAUL HAYA DE LA TORRE,"""Victor Raul Haya de la Torre""",LABERINTO,-12.7183,-69.4869,4,"""Madre De Dios""","""Tambopata""","""Laberinto"""
171,TAHUANTISUYO,"""Tahuantisuyo""",LABERINTO,-12.7331,-69.5188,3,"""Madre De Dios""","""Tambopata""","""Laberinto"""
172,FLORIDA BAJA,"""Florida Baja""",LABERINTO,-12.7617,-69.5681,3,"""Madre De Dios""","""Tambopata""","""Laberinto"""
173,FLORIDA ALTA,"""Florida Alta""",LABERINTO,-12.7826,-69.6047,4,"""Madre De Dios""","""Tambopata""","""Laberinto"""
174,VIRGENES DEL SOL,"""Virgenes del Sol""",LABERINTO,-12.8242,-69.6625,4,"""Madre De Dios""","""Tambopata""","""Laberinto"""
175,SAN JUAN,"""San Juan""",LABERINTO,-12.8296,-69.6637,3,"""Madre De Dios""","""Tambopata""","""Laberinto"""
176,HUITOTO,"""Huitoto""",LABERINTO,-12.5788,-70.0292,4,"""Madre De Dios""","""Tambopata""","""Laberinto"""
177,NUEVA ALIANZA,"""Nueva Alianza""",LABERINTO,-12.6576,-69.7966,4,"""Madre De Dios""","""Tambopata""","""Laberinto"""
178,CHORRERA,"""Chorrera""",LABERINTO,-12.633,-69.4744,4,"""Madre De Dios""","""Tambopata""","""Laberinto"""
179,LOS CEDROS,"""Los Cedros""",LABERINTO,-12.7482,-69.4649,3,"""Madre De Dios""","""Tambopata""","""Laberinto"""
180,PROGRESO VERDE,"""Progreso Verde""",LABERINTO,-12.7511,-69.5025,3,"""Madre De Dios""","""Tambopata""","""Laberinto"""
181,AGUAS BLANCAS,"""Aguas Blancas""",LABERINTO,-12.7578,-69.5034,3,"""Madre De Dios""","""Tambopata""","""Laberinto"""
182,SANTO DOMINGO,"""Santo Domingo""",LABERINTO,-12.763,-69.5687,3,"""Madre De Dios""","""Tambopata""","""Laberinto"""
183,RESIDENTES CUZQUEÑOS,"""Residentes Cuzque\u00f1os""",LABERINTO,-12.7908,-69.5828,3,"""Madre De Dios""","""Tambopata""","""Laberinto"""
184,HUANTUPA,"""Huantupa""",LABERINTO,-12.7853,-69.5938,4,"""Madre De Dios""","""Tambopata""","""Laberinto"""
185,MANANTIALES,"""Manantiales""",LABERINTO,-12.7944,-69.6004,4,"""Madre De Dios""","""Tambopata""","""Laberinto"""
186,SALVACION,"""Salvacion""",MANU,-12.8361,-71.3649,3,"""Madre De Dios""","""Manu""","""Man\u00fa"""
187,SHIPETIARI,"""Shipetiari""",MANU,-12.4154,-71.1165,4,"""Madre De Dios""","""Manu""","""Man\u00fa"""
188,ITAHUANIA,"""Itahuania""",MANU,-12.6313,-71.2282,4,"""Madre De Dios""","""Manu""","""Man\u00fa"""
189,SHINTUYA,"""Shintuya""",MANU,-12.6673,-71.2965,3,"""Madre De Dios""","""Manu""","""Man\u00fa"""
190,PALOTOA TEPARO,"""Palotoa Teparo""",MANU,-12.6284,-71.3558,3,"""Madre De Dios""","""Manu""","""Man\u00fa"""
191,SANTA CRUZ,"""Santa Cruz""",MANU,-12.6666,-71.3432,3,"""Madre De Dios""","""Manu""","""Man\u00fa"""
192,LLACTAPAMPA (PALOTOA),"""Llactapampa (Palotoa)""",MANU,-12.6829,-71.3704,3,"""Madre De Dios""","""Manu""","""Man\u00fa"""
193,MANSILLA II (NUEVA MANSILLA),"""Mansilla Ii (Nueva Mansilla)""",MANU,-12.7245,-71.3552,3,"""Madre De Dios""","""Manu""","""Man\u00fa"""
194,MANSILLA I (MANSILLA),"""Mansilla I (Mansilla)""",MANU,-12.7501,-71.3514,3,"""Madre De Dios""","""Manu""","""Man\u00fa"""
195,ADAN RAYO,"""Adan Rayo""",MANU,-12.7788,-71.3719,3,"""Madre De Dios""","""Manu""","""Man\u00fa"""
196,LOS AGUANOS,"""Los Aguanos""",MANU,-12.7943,-71.3754,3,"""Madre De Dios""","""Manu""","""Man\u00fa"""
197,YUNGUYO,"""Yunguyo""",MANU,-12.8126,-71.3591,3,"""Madre De Dios""","""Manu""","""Man\u00fa"""
198,GAMITANA,"""Gamitana""",MANU,-12.8704,-71.3502,3,"""Madre De Dios""","""Manu""","""Man\u00fa"""
199,ALTO CARBON,"""Alto Carbon""",MANU,-12.9015,-71.3219,3,"""Madre De Dios""","""Manu""","""Man\u00fa"""
200,BONANZA,"""Bonanza""",MANU,-12.5862,-71.2338,3,"""Madre De Dios""","""Manu""","""Man\u00fa"""
201,MAMAJAPA,"""Mamajapac""",MANU,-12.5728,-71.2197,3,"""Madre De Dios""","""Manu""","""Man\u00fa"""
202,JOSE OLAYA,"""Jose Olaya""",MANU,-12.7025,-71.3637,3,"""Madre De Dios""","""Manu""","""Man\u00fa"""
203,CABO DE HORNOS 1,"""Cabo de Hornos 1""",MANU,-12.7741,-71.3264,3,"""Madre De Dios""","""Manu""","""Man\u00fa"""
204,PACASMAYO,"""Pacasmayo""",MANU,-12.8446,-71.3092,3,"""Madre De Dios""","""Manu""","""Man\u00fa"""
205,PAMPA ARIZONA,"""Pampa Arizona""",MANU,-12.852,-71.3625,3,"""Madre De Dios""","""Manu""","""Man\u00fa"""
206,AMAZONIA,"""Amazonia""",MANU,-12.8534,-71.3856,3,"""Madre De Dios""","""Manu""","""Man\u00fa"""
207,TEPARO GRANDE,"""Teparo Grande""",MANU,-12.725,-71.3909,3,"""Madre De Dios""","""Manu""","""Man\u00fa"""
208,SANTA ELENA,"""Santa Elena""",MANU,-12.7316,-71.3859,4,"""Madre De Dios""","""Manu""","""Man\u00fa"""
209,BOCA MANU,"""Boca Manu""",FITZCARRALD,-12.2643,-70.9109,3,"""Madre De Dios""","""Manu""","""Fitzcarrald"""
210,YOMIBATO,"""Yomibato""",FITZCARRALD,-11.7608,-71.8738,3,"""Madre De Dios""","""Manu""","""Fitzcarrald"""
211,TAYACOME,"""Tayacome""",FITZCARRALD,-11.7224,-71.6492,3,"""Madre De Dios""","""Manu""","""Fitzcarrald"""
212,ISLA DE LOS VALLES,"""Isla de los Valles""",FITZCARRALD,-12.2644,-70.9105,3,"""Madre De Dios""","""Manu""","""Fitzcarrald"""
213,BARRACA (PUERTO AZUL),"""Barraca (Puerto Azul)""",FITZCARRALD,-12.2978,-70.7709,4,"""Madre De Dios""","""Manu""","""Fitzcarrald"""
214,DIAMANTE,"""Diamante""",FITZCARRALD,-12.3224,-70.9434,3,"""Madre De Dios""","""Manu""","""Fitzcarrald"""
215,MAIZAL,"""Maizal""",FITZCARRALD,-11.8124,-71.5492,3,"""Madre De Dios""","""Manu""","""Fitzcarrald"""
216,NUEVO EDEN,"""Nuevo Eden""",FITZCARRALD,-12.3686,-71.0079,3,"""Madre De Dios""","""Manu""","""Fitzcarrald"""
217,CASA MACHIGUENGA,"""Casa Machiguenga""",FITZCARRALD,-11.5912,-72.0871,3,"""Madre De Dios""","""Manu""","""Fitzcarrald"""
218,BOCA COLORADO,"""Boca Colorado""",MADRE DE DIOS,-12.6168,-70.3928,3,"""Madre De Dios""","""Manu""","""Madre De Dios"""
219,BOCA COLORADO,"""Boca Colorado""",MADRE DE DIOS,-12.692,-70.3983,4,"""Madre De Dios""","""Manu""","""Madre De Dios"""
220,PACAL GUACAMAYO,"""Pacal Guacamayo""",MADRE DE DIOS,-12.6075,-70.2981,4,"""Madre De Dios""","""Manu""","""Madre De Dios"""
221,SAN JUAN GRANDE,"""San Juan Grande""",MADRE DE DIOS,-12.6011,-70.2163,3,"""Madre De Dios""","""Manu""","""Madre De Dios"""
222,SAN JUAN CHICO,"""San Juan Chico""",MADRE DE DIOS,-12.5753,-70.1508,3,"""Madre De Dios""","""Manu""","""Madre De Dios"""
223,BOCA AMIGO,"""Boca Amigo""",MADRE DE DIOS,-12.5906,-70.0562,3,"""Madre De Dios""","""Manu""","""Madre De Dios"""
224,MALVINAS,"""Malvinas""",MADRE DE DIOS,-12.6161,-70.1207,3,"""Madre De Dios""","""Manu""","""Madre De Dios"""
225,BAJO COLORADO (PLAYA OCULTA),"""Bajo Colorado (Playa Oculta)""",MADRE DE DIOS,-12.6246,-70.4499,3,"""Madre De Dios""","""Manu""","""Madre De Dios"""
226,SAN JOSE DE KARENE,"""San Jose de Karene""",MADRE DE DIOS,-12.6882,-70.5212,3,"""Madre De Dios""","""Manu""","""Madre De Dios"""
227,PUERTO LUZ,"""Puerto Luz""",MADRE DE DIOS,-12.7455,-70.5961,3,"""Madre De Dios""","""Manu""","""Madre De Dios"""
228,GUACAMAYO,"""Guacamayo""",MADRE DE DIOS,-12.597,-70.253,3,"""Madre De Dios""","""Manu""","""Madre De Dios"""
229,GUACAMAYO,"""Pacal Guacamayo""",MADRE DE DIOS,-12.6075,-70.2981,3,"""Madre De Dios""","""Manu""","""Madre De Dios"""
230,NUEVO SAN JUAN,"""Nuevo San Juan""",MADRE DE DIOS,-12.6257,-70.2236,3,"""Madre De Dios""","""Manu""","""Madre De Dios"""
231,NUEVO SAN JUAN,"""Nuevo San Juan""",MADRE DE DIOS,-11.9974,-69.0102,3,"""Madre De Dios""","""Tambopata""","""Las Piedras"""
232,DELTA 1,"""Pukiri Delta 1 (Cumbre)""",MADRE DE DIOS,-12.7745,-70.527,3,"""Madre De Dios""","""Manu""","""Madre De Dios"""
233,DELTA 1,"""Delta 1""",MADRE DE DIOS,-12.7748,-70.5217,3,"""Madre De Dios""","""Manu""","""Madre De Dios"""
234,BAJO PUKIRI (DELTA 3),"""Bajo Pukiri (Delta 3)""",MADRE DE DIOS,-12.7816,-70.4993,3,"""Madre De Dios""","""Manu""","""Madre De Dios"""
235,DELTA 2,"""Delta 2""",MADRE DE DIOS,-12.7989,-70.5275,3,"""Madre De Dios""","""Manu""","""Madre De Dios"""
236,PUNKIRI CHICO,"""Punkiri Chico""",MADRE DE DIOS,-12.9165,-70.3665,3,"""Madre De Dios""","""Manu""","""Madre De Dios"""
237,SETAPO,"""Setapo""",MADRE DE DIOS,-12.9597,-70.672,3,"""Madre De Dios""","""Manu""","""Madre De Dios"""
238,ISHIRIWE,"""Ishiriwe""",MADRE DE DIOS,-12.5614,-70.433,3,"""Madre De Dios""","""Manu""","""Madre De Dios"""
239,BOCA COLORADO,"""Boca Colorado""",MADRE DE DIOS,-12.6168,-70.3928,3,"""Madre De Dios""","""Manu""","""Madre De Dios"""
240,BOCA COLORADO,"""Boca Colorado""",MADRE DE DIOS,-12.692,-70.3983,3,"""Madre De Dios""","""Manu""","""Madre De Dios"""
241,DELTA 4,"""Delta 4""",MADRE DE DIOS,-12.7374,-70.5149,3,"""Madre De Dios""","""Manu""","""Madre De Dios"""
242,BOCA TOCABE,"""Boca Tocabe""",MADRE DE DIOS,-12.7999,-70.522,3,"""Madre De Dios""","""Manu""","""Madre De Dios"""
243,HUEPETUHE,"""Puno""",HUEPETUHE,-13.0215,-70.5003,3,"""Madre De Dios""","""Manu""","""Huepetuhe"""
244,HUEPETUHE,"""Tranquera (Barranco Chico)""",HUEPETUHE,-12.9326,-70.6008,3,"""Madre De Dios""","""Manu""","""Huepetuhe"""
245,HUEPETUHE,"""Nueva""",HUEPETUHE,-13.0453,-70.5017,3,"""Madre De Dios""","""Manu""","""Huepetuhe"""
246,HUEPETUHE,"""Bamberme""",HUEPETUHE,-13.0075,-70.6585,3,"""Madre De Dios""","""Manu""","""Huepetuhe"""
247,HUEPETUHE,"""Puerto Punkiri""",HUEPETUHE,-13.0662,-70.3955,4,"""Madre De Dios""","""Manu""","""Huepetuhe"""
248,HUEPETUHE,"""Caychihue Barraca""",HUEPETUHE,-13.0354,-70.4282,3,"""Madre De Dios""","""Manu""","""Huepetuhe"""
249,HUEPETUHE,"""Guadalupe""",HUEPETUHE,-13.0397,-70.5241,4,"""Madre De Dios""","""Manu""","""Huepetuhe"""
250,HUEPETUHE,"""Padilla""",HUEPETUHE,-13.0084,-70.5785,4,"""Madre De Dios""","""Manu""","""Huepetuhe"""
251,HUEPETUHE,"""Tigrimayo""",HUEPETUHE,-12.9847,-70.5795,3,"""Madre De Dios""","""Manu""","""Huepetuhe"""
252,HUEPETUHE,"""Primavera""",HUEPETUHE,-13.0657,-70.5471,3,"""Madre De Dios""","""Manu""","""Huepetuhe"""
253,LIBERTAD,"""Libertad""",HUEPETUHE,-12.9726,-70.6065,3,"""Madre De Dios""","""Manu""","""Huepetuhe"""
254,CHOQUE,"""Choque""",HUEPETUHE,-12.9817,-70.5916,3,"""Madre De Dios""","""Manu""","""Huepetuhe"""
255,SANTA INES,"""Santa Ines""",HUEPETUHE,-13.0135,-70.4691,3,"""Madre De Dios""","""Manu""","""Huepetuhe"""
256,CAYCHIHUE BARRACA,"""Caychihue Barraca""",HUEPETUHE,-13.0354,-70.4282,3,"""Madre De Dios""","""Manu""","""Huepetuhe"""
257,PUERTO PUNKIRI,"""Puerto Punkiri""",HUEPETUHE,-13.0662,-70.3955,3,"""Madre De Dios""","""Manu""","""Huepetuhe"""
258,KIMIRI,"""Kimiri""",HUEPETUHE,-13.0955,-70.4271,3,"""Madre De Dios""","""Manu""","""Huepetuhe"""
259,SACHABACAYOC,"""Sachabacayoc""",HUEPETUHE,-13.1075,-70.4125,3,"""Madre De Dios""","""Manu""","""Huepetuhe"""
260,TRANQUERA (BARRANCO CHICO),"""Tranquera (Barranco Chico)""",HUEPETUHE,-12.9326,-70.6008,3,"""Madre De Dios""","""Manu""","""Huepetuhe"""
261,BAMBERME,"""Bamberme""",HUEPETUHE,-13.0075,-70.6585,3,"""Madre De Dios""","""Manu""","""Huepetuhe"""
262,PUENTE INAMBARI,"""Puente Inambari""",HUEPETUHE,-13.1865,-70.3871,3,"""Madre De Dios""","""Manu""","""Huepetuhe"""
263,ALTO PUKIRI,"""Alto Pukiri""",HUEPETUHE,-12.8537,-70.5449,4,"""Madre De Dios""","""Manu""","""Huepetuhe"""
264,4 AMIGOS,"""4 Amigos""",HUEPETUHE,-13.0291,-70.5156,3,"""Madre De Dios""","""Manu""","""Huepetuhe"""
265,BUENA FORTUNA,"""Buena Fortuna""",HUEPETUHE,-13.0002,-70.5571,3,"""Madre De Dios""","""Manu""","""Huepetuhe"""
266,PADILLA,"""Padilla""",HUEPETUHE,-13.0084,-70.5785,4,"""Madre De Dios""","""Manu""","""Huepetuhe"""
267,NUEVA,"""Nueva""",HUEPETUHE,-13.0453,-70.5017,3,"""Madre De Dios""","""Manu""","""Huepetuhe"""
268,GUADALUPE,"""Guadalupe""",HUEPETUHE,-13.0397,-70.5241,3,"""Madre De Dios""","""Manu""","""Huepetuhe"""
269,PRIMAVERA,"""Primavera""",HUEPETUHE,-13.0657,-70.5471,3,"""Madre De Dios""","""Manu""","""Huepetuhe"""
270,GLORIA,"""Gloria""",HUEPETUHE,-13.014,-70.5384,3,"""Madre De Dios""","""Manu""","""Huepetuhe"""
271,TIGRIMAYO,"""Tigrimayo""",HUEPETUHE,-12.9847,-70.5795,4,"""Madre De Dios""","""Manu""","""Huepetuhe"""
272,MAGUAY,"""Maguay""",HUEPETUHE,-13.0288,-70.544,3,"""Madre De Dios""","""Manu""","""Huepetuhe"""
273,PUNO,"""Puno""",HUEPETUHE,-13.0215,-70.5003,4,"""Madre De Dios""","""Manu""","""Huepetuhe"""
274,SECA,"""Seca""",HUEPETUHE,-13.0075,-70.4188,4,"""Madre De Dios""","""Manu""","""Huepetuhe"""
275,CAYCHIHUE BARRACA,"""Caychihue Barraca""",HUEPETUHE,-13.0354,-70.4282,4,"""Madre De Dios""","""Manu""","""Huepetuhe"""
276,IÑAPARI,"""Noaya""",IÑAPARI,-11.1253,-69.5648,4,"""Madre De Dios""","""Tahuamanu""","""I\u00f1apari"""
277,IÑAPARI,"""Belgica""",IÑAPARI,-10.973,-69.7314,4,"""Madre De Dios""","""Tahuamanu""","""I\u00f1apari"""
278,IÑAPARI,"""Villa Primavera""",IÑAPARI,-11.0417,-69.5732,4,"""Madre De Dios""","""Tahuamanu""","""I\u00f1apari"""
279,IÑAPARI,"""I\u00f1apari""",IÑAPARI,-10.95,-69.5833,3,"""Madre De Dios""","""Tahuamanu""","""I\u00f1apari"""
280,IÑAPARI,"""Alto Belgica""",IÑAPARI,-10.9699,-69.75,4,"""Madre De Dios""","""Tahuamanu""","""I\u00f1apari"""
281,IÑAPARI,"""Nueva Esperanza""",IÑAPARI,-11.0154,-69.6026,4,"""Madre De Dios""","""Tahuamanu""","""I\u00f1apari"""
282,IÑAPARI,"""San Isidro de Chilina""",IÑAPARI,-11.1989,-69.5577,4,"""Madre De Dios""","""Tahuamanu""","""I\u00f1apari"""
283,BELGICA,"""Alto Belgica""",IÑAPARI,-10.9699,-69.75,4,"""Madre De Dios""","""Tahuamanu""","""I\u00f1apari"""
284,BELGICA,"""Belgica""",IÑAPARI,-10.973,-69.7314,3,"""Madre De Dios""","""Tahuamanu""","""I\u00f1apari"""
285,NUEVA ESPERANZA,"""Nueva Esperanza""",IÑAPARI,-11.0154,-69.6026,4,"""Madre De Dios""","""Tahuamanu""","""I\u00f1apari"""
286,VILLA PRIMAVERA,"""Villa Primavera""",IÑAPARI,-11.0417,-69.5732,4,"""Madre De Dios""","""Tahuamanu""","""I\u00f1apari"""
287,SAN ISIDRO DE CHILINA,"""San Isidro de Chilina""",IÑAPARI,-11.1989,-69.5577,4,"""Madre De Dios""","""Tahuamanu""","""I\u00f1apari"""
288,ALTO BELGICA,"""Alto Belgica""",IÑAPARI,-10.9699,-69.75,4,"""Madre De Dios""","""Tahuamanu""","""I\u00f1apari"""
289,NOAYA,"""Noaya""",IÑAPARI,-11.1253,-69.5648,4,"""Madre De Dios""","""Tahuamanu""","""I\u00f1apari"""
290,IBERIA,"""Iberia""",IBERIA,-11.35,-69.5833,4,"""Madre De Dios""","""Tahuamanu""","""Iberia"""
291,IBERIA,"""Arrozal""",IBERIA,-11.2829,-69.4815,4,"""Madre De Dios""","""Tahuamanu""","""Iberia"""
292,IBERIA,"""Miraflores""",IBERIA,-11.4409,-69.4199,4,"""Madre De Dios""","""Tahuamanu""","""Iberia"""
293,IBERIA,"""Carachamayo""",IBERIA,-11.3056,-69.4862,3,"""Madre De Dios""","""Tahuamanu""","""Iberia"""
294,IBERIA,"""Grupo Ocho""",IBERIA,-11.4011,-69.7202,4,"""Madre De Dios""","""Tahuamanu""","""Iberia"""
295,IBERIA,"""Chilina Vieja""",IBERIA,-11.2587,-69.592,4,"""Madre De Dios""","""Tahuamanu""","""Iberia"""
296,IBERIA,"""La Republica""",IBERIA,-11.2596,-69.4929,4,"""Madre De Dios""","""Tahuamanu""","""Iberia"""
297,IBERIA,"""Maria Cristina""",IBERIA,-11.3913,-69.5282,3,"""Madre De Dios""","""Tahuamanu""","""Iberia"""
298,IBERIA,"""Tropezon""",IBERIA,-11.3495,-69.4794,4,"""Madre De Dios""","""Tahuamanu""","""Iberia"""
299,IBERIA,"""Portillo""",IBERIA,-11.433,-69.5839,4,"""Madre De Dios""","""Tahuamanu""","""Iberia"""
300,PACAHUARA,"""Pacahuara""",IBERIA,-11.2886,-69.7015,3,"""Madre De Dios""","""Tahuamanu""","""Iberia"""
301,FLOR DE ACRE,"""Flor de Acre""",IBERIA,-11.3601,-69.5638,4,"""Madre De Dios""","""Tahuamanu""","""Iberia"""
302,CHILINA VIEJA,"""Chilina Vieja""",IBERIA,-11.2587,-69.592,3,"""Madre De Dios""","""Tahuamanu""","""Iberia"""
303,LA REPUBLICA,"""La Republica""",IBERIA,-11.2596,-69.4929,4,"""Madre De Dios""","""Tahuamanu""","""Iberia"""
304,ARROZAL,"""Arrozal""",IBERIA,-11.2829,-69.4815,4,"""Madre De Dios""","""Tahuamanu""","""Iberia"""
305,SAN ANTONIO ABAD,"""San Antonio Abad""",IBERIA,-11.3413,-69.5066,4,"""Madre De Dios""","""Tahuamanu""","""Iberia"""
306,BELLO HORIZONTE,"""Bello Horizonte""",IBERIA,-11.3976,-69.4968,4,"""Madre De Dios""","""Tahuamanu""","""Iberia"""
307,SAN FRANCISCO DE ASIS,"""San Francisco de Asis""",IBERIA,-11.4133,-69.5659,4,"""Madre De Dios""","""Tahuamanu""","""Iberia"""
308,PORTILLO,"""Portillo""",IBERIA,-11.433,-69.5839,4,"""Madre De Dios""","""Tahuamanu""","""Iberia"""
309,MIRAFLORES,"""Miraflores""",IBERIA,-11.4409,-69.4199,4,"""Madre De Dios""","""Tahuamanu""","""Iberia"""
310,CARACHAMAYO,"""Carachamayo""",IBERIA,-11.3056,-69.4862,4,"""Madre De Dios""","""Tahuamanu""","""Iberia"""
311,PONALILLO,"""Ponalillo""",IBERIA,-11.3518,-69.4778,4,"""Madre De Dios""","""Tahuamanu""","""Iberia"""
312,NUEVA ALIANZA,"""Nueva Alianza""",IBERIA,-11.35,-69.683,4,"""Madre De Dios""","""Tahuamanu""","""Iberia"""
313,TROPEZON,"""Tropezon""",IBERIA,-11.3495,-69.4794,4,"""Madre De Dios""","""Tahuamanu""","""Iberia"""
314,MARIA CRISTINA,"""Maria Cristina""",IBERIA,-11.3913,-69.5282,4,"""Madre De Dios""","""Tahuamanu""","""Iberia"""
315,SAN LORENZO,"""San Lorenzo""",TAHUAMANU,-11.4667,-69.3,4,"""Madre De Dios""","""Tahuamanu""","""Tahuaman\u00fa"""
316,LA MERCED,"""La Merced""",TAHUAMANU,-11.3791,-69.3216,4,"""Madre De Dios""","""Tahuamanu""","""Tahuaman\u00fa"""
317,ABEJA,"""Abeja""",TAHUAMANU,-11.4111,-69.3532,4,"""Madre De Dios""","""Tahuamanu""","""Tahuaman\u00fa"""
318,ALERTA,"""Alerta""",TAHUAMANU,-11.6597,-69.2344,4,"""Madre De Dios""","""Tahuamanu""","""Tahuaman\u00fa"""
319,SAN PEDRO,"""San Pedro""",TAHUAMANU,-11.4601,-69.2701,4,"""Madre De Dios""","""Tahuamanu""","""Tahuaman\u00fa"""
320,VILLA ROCIO,"""Villa Rocio""",TAHUAMANU,-11.7817,-69.186,4,"""Madre De Dios""","""Tahuamanu""","""Tahuaman\u00fa"""
321,LA NOVIA,"""La Novia""",TAHUAMANU,-11.7761,-69.305,4,"""Madre De Dios""","""Tahuamanu""","""Tahuaman\u00fa"""
322,NUEVO PACARAN,"""Nuevo Pacaran""",TAHUAMANU,-11.8388,-69.1165,4,"""Madre De Dios""","""Tahuamanu""","""Tahuaman\u00fa"""
323,SHIRINGAYOC,"""Shiringayoc""",TAHUAMANU,-11.9032,-69.0858,4,"""Madre De Dios""","""Tahuamanu""","""Tahuaman\u00fa"""
324,SANTA MARIA,"""Santa Maria""",TAHUAMANU,-11.8944,-69.0063,4,"""Madre De Dios""","""Tahuamanu""","""Tahuaman\u00fa"""
325,UNION,"""Union""",TAHUAMANU,-11.3582,-69.3417,4,"""Madre De Dios""","""Tahuamanu""","""Tahuaman\u00fa"""
326,ALTO PERU,"""Alto Peru""",TAHUAMANU,-11.4574,-69.2591,4,"""Madre De Dios""","""Tahuamanu""","""Tahuaman\u00fa"""
